Blinking, 2.8028
Blinking, 3.00464
Blinking, 3.252857
Blinking, 3.457605
Blinking, 95.889235
Blinking, 105.44306
Blinking, 110.415246
Blinking, 114.163151
Blinking, 125.692086
Blinking, 142.846987
Blinking, 250.228663
Blinking, 377.903237
Blinking, 865.929519
Blinking, 954.690596
